"country","iso3c","year","gdp_per_capita","gdp_growth","trade_gdp","fdi_inflows","inflation","tax_revenue","govt_debt","current_account","stock_market_cap","domestic_credit","unemployment","female_labor_force","gini","poverty_rate","life_expectancy","health_expenditure","measles_immunization","maternal_mortality","education_exp","tertiary_enrollment","literacy_rate","internet_users","mobile_subscriptions","electric_consumption","protected_areas","forest_area","property_rights","region","income","cluster"
"Afghanistan","AFG",2022,1981.71016810561,-6.24017199240269,72.8854696086536,NA,13.7121023720065,NA,NA,NA,NA,NA,14.1,5.159,NA,NA,65.617,23.0881691,56,551,NA,NA,NA,17.2,NA,NA,3.6,1.85278199408184,1.5,"South Asia","Low income","3"
"Albania","ALB",2022,17112.988027282,4.82668831434437,84.6980639208685,7.57934219388197,6.7252027153006,18.0607801341719,NA,-5.87243640069213,NA,33.79124601978,10.137,53.183,NA,NA,78.769,6.19368076,86,8,2.74432992935181,62.6479187011719,98.5,82.6,97.88570679,2507.48013906524,14.2,28.7919708029197,NA,"Europe & Central Asia","Upper middle income","4"
"Algeria","DZA",2022,14782.2002968893,3.59999999999998,51.2023757404409,0.413487955988728,9.26551551551553,NA,NA,8.61249001435547,NA,18.2351921382804,12.346,14.092,NA,NA,76.129,3.6230433,79,64,4.74924659729004,53.4012489318848,NA,74.8,109.1653573,1756.58721304339,4.4,0.826332963995665,NA,"Middle East & North Africa","Lower middle income","4"
"American Samoa","ASM",2022,NA,1.73501577287065,124.684270952928,NA,NA,NA,NA,NA,NA,NA,NA,NA,NA,NA,72.752,NA,NA,NA,NA,NA,NA,NA,NA,NA,8.7,85.35,NA,"East Asia & Pacific","Upper middle income","4"
"Andorra","AND",2022,63913.3835079105,9.56461225648184,NA,NA,NA,NA,NA,11.643445126406,NA,NA,NA,NA,NA,NA,84.016,7.53678846,98,17,2.64728999137878,34.4803504943848,NA,94.5,142.2141211,NA,26.9,34.0425531914894,NA,"Europe & Central Asia","High income","2"
"Angola","AGO",2022,7397.48642731105,3.04472652391918,69.6910705054094,-6.32056384328187,21.3552901320822,NA,NA,11.2671532788355,NA,8.62886678212951,14.602,73.179,NA,NA,64.246,2.92737579,37,185,2.3321259021759,NA,72.4000015258789,42.1,67.37347427,392.507046928459,5,52.5364972326943,NA,"Sub-Saharan Africa","Lower middle income","3"
"Antigua and Barbuda","ATG",2022,28033.1307782063,9.51639564359461,117.630005076464,16.7727417666096,7.53107834634288,NA,NA,-15.6164808799734,NA,38.1460990545085,NA,NA,NA,NA,77.483,5.7299943,99,36,3.6477484703064,NA,NA,77.2,NA,NA,0.4,18.1615909090909,NA,"Latin America & Caribbean","High income","4"
"Argentina","ARG",2022,27627.9634764636,5.26987967384072,31.5477080051071,2.402155349277,NA,11.1228688536464,NA,-0.640820188045601,8.36736107358926,12.9136184380619,6.805,51.868,40.7,39.2,75.806,9.86305332,85,39,4.80521011352539,107.047912597656,NA,88.4,132.3578095,2833.11909750338,9.6,10.3611377978507,NA,"Latin America & Caribbean","Upper middle income","4"
"Armenia","ARM",2022,17886.1783877168,12.5999999997766,101.41077826094,4.99991586140552,8.64091108973855,21.8271552378304,46.5518225541677,0.331693235139525,1.29484672225421,52.5538426755394,13.379,56.853,27.9,24.8,74.7658536585366,9.96212864,95,27,2.4918999671936,59.8064498901367,NA,77,135.2539805,2403.67775831874,24.7,11.522655426765,NA,"Europe & Central Asia","Upper middle income","4"
"Aruba","ABW",2022,38877.6744362842,8.51791810517545,172.884171078304,7.56707186414171,NA,NA,NA,7.03054716243499,NA,61.3565535911972,NA,NA,NA,NA,76.226,NA,NA,NA,NA,NA,NA,NA,NA,NA,0.1,2.33333333333333,NA,"Latin America & Caribbean","High income","4"
"Australia","AUS",2022,59883.6470356073,4.24238555336139,45.8217702307271,4.16149504206489,6.59409671341846,23.6279512463691,58.0466964106785,0.337521409077968,99.3088529440474,134.020843312686,3.728,62.314,NA,NA,83.2,9.92687893,96,4,5.20677661895752,106.240760803223,NA,97,107.0312028,9933.15278973003,32.1,17.4213145571644,NA,"East Asia & Pacific","High income","2"
"Austria","AUT",2022,65661.4520172699,5.27789421203715,124.38345148483,3.03143362679607,8.5468699318845,26.206863593528,76.2214007403381,-0.829086609771728,26.0820003958763,89.4572187299253,4.992,55.688,NA,NA,81.2951219512195,11.15729332,95,7,4.77447128295898,94.5116882324219,NA,93.6,123.4348071,8260.47675415134,29.5,47.206131846825,NA,"Europe & Central Asia","High income","2"
"Azerbaijan","AZE",2022,21051.2687619289,4.71480236521231,86.9822732541779,-5.67773710614177,13.8522590144267,15.4476897158899,NA,29.7916946512237,1.86274218553481,18.2984687873762,5.65,61.473,NA,NA,74.125,3.97840643,93,32,3.04690003395081,41.001781463623,NA,88,106.8548072,2365.86247983091,5.5,13.9724815486993,NA,"Europe & Central Asia","Upper middle income","4"
"Bahamas, The","BHS",2022,32408.7118597651,10.7820132001503,83.1741573033708,4.04154829632738,5.60540633583044,16.4295483313541,82.1595539606932,-9.3830328201543,NA,NA,9.272,66.321,NA,NA,74.491,7.21692038,80,80,2.83657622337341,NA,NA,94.7,98.53872346,NA,8.6,50.9350649350649,NA,"Latin America & Caribbean","High income","4"
"Bahrain","BHR",2022,57465.1729784449,5.98130282177125,166.345617522503,4.18019089747336,3.62574104304482,NA,NA,14.6497544700467,64.8287304514686,NA,1.326,42.684,NA,NA,80.992,3.83745313,99,5,1.98779726028442,77.2444915771484,98,100,145.4432145,22689.1577517572,20.5,0.936708860759494,NA,"Middle East & North Africa","High income","2"
"Bangladesh","BGD",2022,7888.16389098304,7.09982877575158,33.7799672705735,0.347960024671858,7.69695437176898,NA,NA,-3.81010813185136,9.3222942548639,38.9555684288032,4.593,43.687,33.4,18.7,74.265,2.39038587,97,131,1.71183669567108,22.8396492004395,NA,41.6,105.2642491,602.674747324137,4.9,14.4687716063609,3.5,"South Asia","Lower middle income","4"
"Barbados","BRB",2022,18469.5765888638,17.8328630251327,NA,3.19626497260361,NA,NA,NA,NA,NA,67.1993014040932,8.365,59.68,NA,NA,75.676,6.29389191,85,38,4.41624021530151,NA,NA,79.4,114.8585936,NA,0,14.6511627906977,NA,"Latin America & Caribbean","High income","4"
"Belarus","BLR",2022,26537.5083074865,-4.65839591573591,120.024207576094,2.17745011943276,15.209675274081,11.2335456198223,NA,3.56177663896649,3.38407849706567,NA,3.574,57.862,NA,3.9,74.1033658536585,6.65919876,98,1,4.62823009490967,70.8675689697266,NA,89.5,123.4472552,3902.76581096959,13.8,43.3351396620523,NA,"Europe & Central Asia","Upper middle income","4"
"Belgium","BEL",2022,62725.623762226,4.2334318336917,191.996289195725,2.00105702528312,9.597511728725,22.7079147026069,92.4825366392405,-1.18476181705959,NA,72.3143692874872,5.57,50.029,NA,12.3,81.7487804878049,10.76192474,96,11,NA,83.5736465454102,NA,94,101.8707731,7282.40331295413,17.8,22.604446776415,NA,"Europe & Central Asia","High income","2"
"Belize","BLZ",2022,12569.8179433088,9.65297772389758,108.52917413145,4.9498706439243,6.27689319447544,NA,NA,-8.27503903869997,NA,42.4853629750237,8.763,48.772,NA,NA,72.19,4.23173904,81,110,4.59650993347168,23.7802906036377,NA,71.8,NA,NA,21.1,55.0078912757563,NA,"Latin America & Caribbean","Upper middle income","4"
"Benin","BEN",2022,3588.33525858047,6.25324491401346,50.93352007034,2.16063891256477,1.35077863583527,NA,NA,-6.00907083608035,NA,17.1000283524023,1.685,74.264,NA,NA,60.475,2.67981386,52,547,3.37785911560059,10.647970199585,47.0999984741211,30,108.9652901,105.309051541913,23.5,26.9169031571479,3,"Sub-Saharan Africa","Lower middle income","3"
"Bermuda","BMU",2022,98057.4470976206,6.43113399633694,75.5111919039139,0.126811514592526,NA,NA,NA,NA,2.64436035861103,NA,NA,NA,NA,NA,82.062,NA,NA,NA,1.92221343517303,NA,NA,NA,NA,NA,0,18.5185185185185,NA,"North America","High income","2"
"Bhutan","BTN",2022,14061.3120213689,5.21386781145085,85.5712165497647,0.289904655199301,5.6391667139637,NA,NA,-27.8005472550438,NA,67.8714365587917,5.947,52.511,28.5,12.4,72.754,4.38545895,97,49,7.46982002258301,17.5290336608887,72.0999984741211,86.3,94.89274144,NA,49.7,71.5532249606712,3,"South Asia","Lower middle income","4"
"Bolivia","BOL",2022,9681.70742674425,3.60568038279472,67.755898784076,0.0141722868400141,1.74632872945969,NA,NA,2.13388054975564,NA,74.1868372639684,3.552,71.714,NA,NA,67.434,8.43142891,69,164,7.57550001144409,NA,NA,67.4,NA,859.308409911805,30.9,46.5396883596418,NA,"Latin America & Caribbean","Lower middle income","4"
"Bosnia and Herzegovina","BIH",2022,19298.3776071605,4.22681101095546,110.20596766123,3.47041348895988,14.0208440826771,19.0910598727413,41.7435105198961,-4.39236523811558,NA,48.0992917361806,12.657,38.537,NA,NA,76.777,8.71644783,58,12,NA,44.6326713562012,98.3000030517578,78.8,117.8877485,3772.15191453325,4.1,42.7326171875,NA,"Europe & Central Asia","Upper middle income","4"
"Botswana","BWA",2022,18648.1355964132,5.48602817797183,85.6083027804928,3.49190816493543,11.665567478802,19.6487479969996,NA,-1.1422212637765,152.667271048748,29.8880270731178,23.615,59.931,NA,NA,68.749,5.72838593,90,120,NA,22.3768501281738,NA,80.4,165.3049695,1522.19852354121,29.1,26.4995676953752,NA,"Sub-Saharan Africa","Upper middle income","4"
"Brazil","BRA",2022,18554.0461842977,3.01669435393015,38.8160659763397,3.8221961533297,9.28010608956873,14.7258479184963,79.1023218878495,-2.15975658541159,40.699224128175,70.606097378297,9.231,53.864,52,NA,74.872,9.14277458,81,104,NA,60.3906211853027,94.6900024414062,80.5,98.89102076,2787.76089640442,29.3,59.1275118866159,NA,"Latin America & Caribbean","Upper middle income","4"
"British Virgin Islands","VGB",2022,NA,NA,NA,NA,NA,NA,NA,NA,NA,NA,NA,NA,NA,NA,77.177,NA,NA,NA,2.48401999473572,31.3563404083252,NA,NA,NA,NA,0,24.1333333333333,NA,"Latin America & Caribbean","High income","4"
"Brunei Darussalam","BRN",2022,76357.8291017772,-1.62833154022366,146.973966154459,-1.75293370882122,3.68225030604216,NA,NA,19.5667136669754,NA,31.5556346121606,5.191,53.701,NA,NA,72.917,1.81768215,97,88,NA,33.511962890625,NA,99,117.7551548,11197.4877572084,9,72.1062618595825,NA,"East Asia & Pacific","High income","2"
"Bulgaria","BGR",2022,31564.7775384627,4.03877758301681,138.84014681798,5.46200820001027,15.3252589264366,21.7256158413796,30.1504217452844,-2.60246666143146,17.3257898244769,44.7272898788277,4.268,50.649,NA,20.6,74.1609756097561,7.66357517,91,10,NA,84.1293563842773,NA,79.1,117.4346239,5387.96542212904,33.1,36.0998526160649,NA,"Europe & Central Asia","Upper middle income","4"
"Burkina Faso","BFA",2022,2466.05331390054,1.4972397409897,64.8438739203037,3.55861030023451,14.2902354303358,17.6730517423342,62.5256115534246,-7.45988627329846,NA,31.3166768491206,5.389,41.315,NA,NA,60.7,6.77182007,91,316,5.27651214599609,9.73007965087891,34.4900016784668,14.6,NA,131.191746177691,16.4,22.3552631578947,3,"Sub-Saharan Africa","Low income","3"
"Burundi","BDI",2022,829.38715963357,1.84899943948213,28.315320358729,0.757355122631358,18.8008786664945,NA,NA,-18.6289555009173,NA,42.2333329372301,0.915,80.352,NA,NA,62.882,8.39522648,89,412,4.82104730606079,NA,75.5400009155273,11,57.96130144,NA,7.6,10.8894080996885,3,"Sub-Saharan Africa","Low income","3"
"Cabo Verde","CPV",2022,8850.1066918812,15.843675684642,96.9941368513357,5.43014451284015,7.93092925430087,NA,NA,-3.48336677710103,NA,57.9177809708987,12.246,50.521,NA,NA,75.907,6.67440224,95,42,4.67288541793823,NA,91,72.8,99.2317289,NA,0,11.4937965260546,4,"Sub-Saharan Africa","Lower middle income","4"
"Cambodia","KHM",2022,6456.7382143272,5.10336888677125,145.873632761406,8.94830125779537,5.34370264895437,NA,NA,-18.9575920517337,NA,132.817046084495,0.231,74.002,NA,NA,70.528,4.71089554,83,159,2.88349270820618,14.9985504150391,83.7799987792969,59.7,116.3256071,813.232441120437,31.8,43.9439723544074,3,"East Asia & Pacific","Lower middle income","4"
"Cameroon","CMR",2022,4843.65038202917,3.7367840056412,41.2866025594679,2.08735032157122,6.24767713343861,NA,NA,-3.39397488391441,NA,NA,3.653,57.171,NA,NA,62.443,4.47835922,68,276,2.61768436431885,16.1898593902588,NA,41.8,82.77764316,283.68490442019,11,42.7925789596158,3,"Sub-Saharan Africa","Lower middle income","3"
"Canada","CAN",2022,57681.4385853329,3.81986633913397,67.5588963664949,2.32386339338111,6.80280115341613,12.8260196517315,61.4178635753383,-0.29227644014174,126.983151424105,NA,5.279,61.049,NA,NA,81.2453658536585,11.23432541,92,15,4.13957166671753,77.3137588500977,NA,94,91.23062536,14591.314180806,11.4,39.4659199995449,NA,"North America","High income","2"
"Cayman Islands","CYM",2022,76359.0908832118,5.15632954248333,NA,-44.2307707770904,NA,NA,NA,-9.80587517058896,NA,NA,NA,NA,NA,NA,79.984,NA,NA,NA,1.48894000053406,44.5445442199707,NA,NA,NA,NA,0.1,52.6666666666667,NA,"Latin America & Caribbean","High income","4"
"Central African Republic","CAF",2022,1137.34726560057,0.502110003427035,45.23357000162,1.00929791484186,5.58316735183247,NA,NA,NA,NA,13.0385826544527,5.956,65.815,NA,NA,18.818,9.95509052,41,841,2.11509132385254,NA,NA,NA,NA,NA,18.1,35.7041959613471,2,"Sub-Saharan Africa","Low income","3"
"Chad","TCD",2022,1688.46017530264,2.80434074839411,89.722949365026,4.95303734950398,5.78802687843616,NA,NA,NA,NA,NA,1.096,48.754,37.4,NA,54.528,4.52549791,54,775,2.53867292404175,NA,27.2800006866455,12.5,68.19628834,14.467376229158,21,3.24924110546379,3,"Sub-Saharan Africa","Low income","3"
"Channel Islands","CHI",2022,NA,5.34196183115412,NA,NA,NA,NA,NA,NA,NA,NA,6.147,51.525,NA,NA,81,NA,NA,NA,NA,NA,NA,NA,NA,NA,NA,NA,NA,"Europe & Central Asia","High income","4"
"Chile","CHL",2022,29559.6561552202,2.05874008095333,74.9877802139767,6.03627962411555,11.643866711056,21.2736151328078,NA,-8.65956531568217,94.4112197756343,112.290235620988,8.249,50.026,43,6.5,79.176,10.06172848,94,12,NA,99.3372802734375,97.1600036621094,93.5,134.7453263,4422.38228375379,37.9,24.8227737340155,NA,"Latin America & Caribbean","High income","2"
"China","CHN",2022,21011.6171309077,2.95066992959268,38.3514820836722,1.06367352996528,1.97357555739051,7.70087321650666,NA,2.47947458572128,64.1398360156234,186.207167571088,4.98,59.894,NA,NA,78.202,5.36948681,99,18,4.02356958389282,71.9815521240234,NA,75.6,124.8775379,6112.13553560996,14.7,23.8317336318638,NA,"East Asia & Pacific","Upper middle income","2"
"Colombia","COL",2022,18451.9459195936,7.2888838865514,48.0739778648801,4.97568342327735,10.1772313546166,15.2766681363411,70.33140026012,-6.14606090715928,19.8107649922979,44.2270358436482,10.547,50.926,54.8,36.6,76.508,7.57361269,88,74,NA,59.2901382446289,NA,72.8,155.7854178,1548.65063830136,16.7,52.9457763857593,NA,"Latin America & Caribbean","Upper middle income","4"
"Comoros","COM",2022,3463.00574300891,2.60301031927843,47.78172660655,0.332281930531755,NA,NA,NA,-0.422370445048612,NA,16.7870951481231,3.816,41.178,NA,NA,66.481,8.3803854,71,186,2.43164420127869,NA,61.7099990844727,32.8,100.2382961,NA,0.7,17.2165502418055,2.5,"Sub-Saharan Africa","Lower middle income","3"
"Congo, Dem. Rep.","COD",2022,1385.46472380959,8.92444762563109,93.7286670799975,2.14185515804377,NA,11.4110225908099,15.9896968122396,-4.78420264034479,NA,9.14020218968537,4.522,62.347,NA,NA,60.979,3.78614616,56,456,3.002521276474,NA,80.5400009155273,29.5,50.3424172,130.667931495784,13.8,54.6756759224543,2.5,"Sub-Saharan Africa","Low income","3"
"Congo, Rep.","COG",2022,6205.1050414034,1.47535613247133,98.1613366922001,3.36508336137956,3.04344334698478,NA,NA,NA,NA,12.7664269281269,20.108,66.287,NA,NA,65,2.19224548,65,241,2.95159220695496,NA,NA,37.5,NA,458.981319957369,33.3,64.1756954612006,3,"Sub-Saharan Africa","Lower middle income","3"
"Costa Rica","CRI",2022,24831.7193480342,4.55149177958398,82.2275325353143,5.30504327929944,8.27477490232654,14.3541941210358,NA,-3.28139915247024,3.22348803495399,52.6621990605343,11.325,50.283,47.2,25.5,79.316,7.18368196,90,27,NA,NA,NA,82.6,152.0251489,2125.2458545407,28.8,60.0785350567959,NA,"Latin America & Caribbean","Upper middle income","4"
"Cote d'Ivoire","CIV",2022,6261.53314478398,6.2178509127107,53.4312191070311,2.27881458136523,5.27616724262846,11.9446623106188,NA,-7.68645594475982,NA,21.0767374471882,2.306,58.958,NA,NA,61.562,3.6424129,62,409,3.51197004318237,10.6260900497437,NA,38.4,174.0251271,323.704535370651,14.9,8.21049968553459,3,"Sub-Saharan Africa","Lower middle income","3"
"Croatia","HRV",2022,39864.1618181211,7.28793643206565,125.213857590974,5.51610421858619,10.7805806758686,21.6752167779461,83.0767694561751,-3.68078262891498,27.1571076781359,50.5419906019938,6.96,46.922,NA,NA,77.5756097560976,7.21545315,90,6,NA,80.7626724243164,NA,82.1,111.1680153,4475.52041281852,23.9,34.7410650464618,NA,"Europe & Central Asia","High income","2"
"Cuba","CUB",2022,NA,1.77485399483382,88.8030369932668,NA,NA,NA,NA,NA,NA,NA,1.82,40.427,NA,NA,77.629,11.78683186,99,41,NA,41.4838562011719,NA,68.3,67.78418241,1102.097502491,6.7,31.233140655106,NA,"Latin America & Caribbean","Upper middle income","4"
"Curacao","CUW",2022,27327.4171887821,6.90599999999999,NA,5.71077944316966,NA,NA,NA,-26.7518167491028,NA,NA,NA,NA,NA,NA,76.729,NA,NA,NA,NA,15.9008779525757,NA,NA,NA,5140.13707032188,0.3,0.157657657657658,NA,"Latin America & Caribbean","High income","4"
"Cyprus","CYP",2022,51669.30078125,7.36562252428676,201.237205778502,52.8356532225896,8.39548297993334,23.1326745314181,NA,-5.5180144908117,21.0893036408661,71.3598011077138,6.806,61.219,NA,NA,80.434,8.87060547,84,53,NA,98.3045806884766,NA,89.6,NA,3848.66716239663,11.2,18.6677489177489,NA,"Europe & Central Asia","High income","2"
"Denmark","DNK",2022,70233.6402556275,1.54017310709567,131.54315114232,7.66793351091879,7.6965669988926,30.6692719191866,NA,11.5656223681511,NA,142.75264078457,4.434,59.551,NA,NA,81.3048780487805,9.4758625,95,6,5.29643440246582,84.5866088867188,NA,97.9,126.549332,5870.02927476145,17.9,15.758,NA,"Europe & Central Asia","High income","2"
"Djibouti","DJI",2022,6083.64368190087,3.72857647005031,340.194014640123,5.09002871402003,5.17980847967061,NA,NA,17.8593816032676,NA,19.2325267993874,26.307,18.546,NA,NA,65.54,2.49675012,50,174,NA,NA,NA,63.3,46.32720375,NA,1.2,0.257308024158758,3.5,"Middle East & North Africa","Lower middle income","4"
"Dominica","DMA",2022,16557.6406670121,5.58354626264079,NA,2.78712797301337,7.7806152516404,NA,NA,-26.9691848499082,NA,47.0498923340633,NA,NA,NA,NA,71.081,6.31969738,87,44,6.04314231872559,NA,NA,83.3,NA,NA,0.6,63.8266666666667,3,"Latin America & Caribbean","Upper middle income","4"
"Dominican Republic","DOM",2022,22757.3896159896,4.85832403582451,54.2315255592457,3.56710752156703,8.81109209279587,13.8202744402643,NA,-5.76805690073836,NA,27.9508638700304,5.504,50.478,37,NA,74.211,4.57254791,91,124,3.94027137756348,55.1665306091309,95.5,81.5,90.39141331,1716.80675546229,18.7,44.8209283285911,NA,"Latin America & Caribbean","Upper middle income","4"
"Ecuador","ECU",2022,14263.2039756632,6.18613907258741,61.6216623941869,0.756627044237003,3.46616972213077,13.0383442764852,NA,1.83322993167713,NA,52.1764431971076,3.761,53.451,45.5,25.2,76.577,7.53457022,74,69,3.59897994995117,59.8797798156738,94,69.7,97.16544081,1589.2708536186,20,49.8038734095668,NA,"Latin America & Caribbean","Upper middle income","4"
"Egypt, Arab Rep.","EGY",2022,16360.3907750364,6.58784560886967,36.9831048772713,2.39118080969079,13.8956609775178,NA,NA,-2.2100904275198,8.14958485176921,30.847002116672,7.344,15.233,NA,NA,71.01,4.70438385,96,24,NA,37.8184509277344,74.5,72.2,93.20626903,1432.91162844388,11.6,0.0451855944547692,NA,"Middle East & North Africa","Lower middle income","4"
"El Salvador","SLV",2022,11068.9214300637,2.79955216943868,88.1547423295316,0.0320261812840187,7.19861615609867,21.0838627874902,73.7611648033132,-6.82165878501212,NA,62.3808722163174,2.999,46.028,38.8,26.6,71.969,9.84079742,80,39,3.25634002685547,31.2823791503906,NA,65.5,181.6273204,1109.9754646221,2.1,27.7451737451737,NA,"Latin America & Caribbean","Lower middle income","4"
"Equatorial Guinea","GNQ",2022,16932.7706827155,3.22350831658598,81.8130161368099,10.1419330984832,4.78671704710803,6.5959868257378,NA,NA,NA,8.08192941445443,8.455,53.337,NA,NA,63.355,2.91350007,49,183,NA,NA,NA,59.3,53.34269106,744.644574989812,1.8,86.6916221033868,NA,"Sub-Saharan Africa","Upper middle income","3"
"Eritrea","ERI",2022,NA,NA,NA,NA,NA,NA,NA,NA,NA,NA,5.695,72.354,NA,NA,67.789,3.87447667,93,301,NA,NA,NA,18.7,NA,102.36264121425,0,8.66600145311298,2,"Sub-Saharan Africa","Low income","3"
"Estonia","EST",2022,43690.4130611134,0.0604278323325786,174.563994182116,4.89320122469428,19.3982634080616,21.016686284165,25.9834554447716,-3.89799854711609,NA,57.0043935970351,5.571,60.138,NA,22.5,77.8439024390244,6.98701143,89,7,NA,71.4251937866211,NA,91.5,155.0300061,6464.07283295276,20.2,57.0652937046572,NA,"Europe & Central Asia","High income","2"
"Eswatini","SWZ",2022,9740.06525909122,-0.0676192583464115,NA,0.284327760848015,NA,NA,NA,-3.00236156588613,NA,21.5760187911061,35.359,44.965,NA,NA,63.028,7.2226615,83,112,5.69260597229004,NA,90.7470169067383,57.5,122.1702298,1137.07496080537,4.3,29.0686046511628,NA,"Sub-Saharan Africa","Lower middle income","4"
"Ethiopia","ETH",2022,2655.57791619133,5.32117628383672,26.5955012290858,2.89493814042439,33.8898797100898,4.49688526014635,NA,-4.07059182048539,NA,NA,3.409,57.495,NA,NA,66.897,2.85274577,55,207,3.73649501800537,NA,NA,NA,56.02453443,92.4358249132126,17,14.9946206327752,3.5,"Sub-Saharan Africa","Low income","3"
"Faroe Islands","FRO",2022,69338.8098239515,3.55602380418398,124.535531033936,NA,NA,NA,NA,NA,NA,NA,NA,NA,NA,NA,82.9439024390244,NA,NA,NA,NA,NA,NA,NA,NA,NA,0,0.0583941605839416,NA,"Europe & Central Asia","High income","4"
"Fiji","FJI",2022,12762.3465811337,19.7927266933385,117.506559364173,2.0843448504953,4.52019266394958,18.5269734046564,NA,-17.41955368959,NA,118.580960891851,4.446,38.59,NA,NA,67.148,4.00910091,99,32,3.93839550018311,68.4077529907227,NA,78.2,NA,NA,1,63.1297208538588,3.5,"East Asia & Pacific","Upper middle income","4"
"Finland","FIN",2022,57457.3994740169,1.4500480727209,94.132058739535,4.66710444347308,7.12350773301402,21.200267544453,NA,-2.50703012641764,NA,96.2017706031775,6.719,57.267,NA,12.2,81.1878048780488,9.6589222,94,8,NA,104.944221496582,NA,93,128.6830329,14749.7185978813,13.1,73.7264996576714,NA,"Europe & Central Asia","High income","2"
"France","FRA",2022,53691.6174864288,2.57084047443969,75.7901436111221,3.91856445477022,5.22236748369735,24.534247684466,96.7764980125667,-1.18259080268105,NA,119.225776567681,7.308,51.871,NA,NA,82.1292682926829,11.8819046,95,9,NA,71.4203109741211,NA,85.3,118.8472962,6677.39513463708,36.6,31.8136741928238,NA,"Europe & Central Asia","High income","2"
"French Polynesia","PYF",2022,NA,4.46607459000271,67.2309662556929,-0.163041313318142,NA,NA,NA,NA,NA,NA,11.888,46.829,NA,NA,83.859,NA,NA,NA,NA,NA,NA,NA,106.9831755,NA,0,43.0596369922213,NA,"East Asia & Pacific","High income","4"
"Gabon","GAB",2022,18662.0497970114,3.03761449502689,92.0630888500131,5.40389729406011,4.23124798274579,NA,NA,NA,NA,NA,20.399,41.888,NA,NA,67.713,2.85591531,52,216,2.20773649215698,NA,85.6900024414062,70.7,125.387067,1065.10467769784,25.1,91.228470524314,NA,"Sub-Saharan Africa","Upper middle income","4"
"Gambia, The","GMB",2022,2863.18049829859,5.49299823010114,44.7219215369466,10.4995860985808,11.5131198380505,NA,NA,-4.09350427164043,NA,9.62022046623071,6.076,45.12,NA,NA,64.859,3.41435836,74,365,2.74282312393188,NA,58.6699981689453,44,NA,NA,2.9,22.8459584980237,3,"Sub-Saharan Africa","Low income","3"
"Georgia","GEO",2022,20966.5280391134,10.9585321385624,114.695437688718,9.15328575552963,11.8981654203198,22.9022783420258,42.9693933571232,-4.42087610102786,NA,63.0529057506879,11.647,54.925,33.5,15.6,74.141,7.25569582,90,22,3.75498008728027,78.9377136230469,100,78.7,156.086567,3682.96097887624,8.5,40.6159159591308,NA,"Europe & Central Asia","Upper middle income","4"
"Germany","DEU",2022,62931.968415318,1.36973105536585,89.0641273695259,1.5066061525701,6.87257438551097,11.0108628299,NA,4.43791548373552,45.385377869877,81.807984622583,3.12,55.595,NA,NA,80.6080487804878,12.60513115,97,4,4.54389047622681,77.3656997680664,NA,91.6,125.2251369,6285.24659632329,38.7,32.685482024273,NA,"Europe & Central Asia","High income","2"
"Ghana","GHA",2022,6729.27440352562,3.81750462109567,70.1154557958907,1.92344065685952,31.2558951049016,12.2975358062853,NA,-2.34386724746484,8.70369943967983,13.2885237880865,3.084,61.819,NA,NA,65.246,3.6993649,95,239,2.90529441833496,20.3897304534912,NA,69.4,119.6243981,552.502821188307,7.7,35.1604431005612,3.5,"Sub-Saharan Africa","Lower middle income","4"
"Gibraltar","GIB",2022,NA,NA,NA,NA,NA,NA,NA,NA,NA,NA,NA,NA,NA,NA,83.517,NA,NA,NA,NA,NA,NA,NA,112.4322338,5424.23356111569,0,NA,NA,"Europe & Central Asia","High income","4"
"Greece","GRC",2022,35906.6128241021,5.74364918958959,107.679207902405,3.63119902887991,9.64525981280632,27.6693971786038,202.480392684901,-10.3357101038965,26.9714579777506,52.2433551193593,12.426,44.413,NA,NA,80.7878048780488,8.49983692,97,10,NA,166.665649414062,NA,83.2,109.0631741,4827.78285698736,11,30.2699767261443,NA,"Europe & Central Asia","High income","2"
"Greenland","GRL",2022,NA,NA,NA,NA,NA,NA,NA,NA,NA,NA,NA,NA,NA,NA,71.5404878048781,NA,NA,NA,NA,NA,NA,NA,NA,NA,22.4,0.000535997076379583,NA,"Europe & Central Asia","High income","4"
"Grenada","GRD",2022,16386.46233816,7.32074061551874,NA,13.307607550297,2.5805392590792,NA,NA,-12.122117222565,NA,53.6050823261835,NA,NA,NA,NA,75.151,4.94846392,76,50,3.93536496162415,NA,NA,74.3,NA,NA,0.2,52.0588235294118,4,"Latin America & Caribbean","Upper middle income","4"
"Guam","GUM",2022,NA,5.09986426216793,71.8668596237337,NA,NA,NA,NA,NA,NA,NA,5.454,56.413,NA,NA,77.102,NA,NA,NA,NA,NA,NA,NA,NA,NA,0,51.8518518518518,NA,"East Asia & Pacific","High income","4"
"Guatemala","GTM",2022,12153.0305986535,4.20015588892568,54.4328380814561,1.5163284242494,6.88512823344287,11.8202035087706,NA,1.25183056596165,NA,36.5990201603608,3.051,40.503,NA,NA,71.206,7.44098806,86,97,3.22940993309021,NA,83.0311737060547,55.4,115.1820498,669.883594558613,10.1,32.7043673012318,NA,"Latin America & Caribbean","Upper middle income","4"
"Guinea","GIN",2022,3792.01068836277,3.97240784200721,94.1652726931221,3.30630355394451,10.4930409984424,NA,NA,16.8265386883899,NA,NA,5.267,42.142,NA,NA,60.432,3.95847702,47,500,1.98561489582062,NA,NA,24.7,NA,NA,26.1,24.8616311248576,3,"Sub-Saharan Africa","Low income","3"
"Guinea-Bissau","GNB",2022,2507.0147245235,4.60583180729681,47.3622498331329,1.20549376630065,9.39383877456591,NA,NA,-8.16202978382442,NA,15.0687121705043,2.666,56.413,NA,NA,63.605,8.11358356,75,539,NA,NA,53.9000015258789,27.6,125.9324571,NA,13.4,69.8125889046942,2.5,"Sub-Saharan Africa","Low income","3"
"Guyana","GUY",2022,37068.1968873149,63.3345871591983,NA,-20.361959579891,6.11505550109935,NA,NA,28.8207799078315,NA,20.1875660946606,12.013,40.413,NA,NA,69.888,3.00636959,95,83,NA,NA,90.0299987792969,78.4,NA,NA,5.2,93.4565969011938,3,"Latin America & Caribbean","Upper middle income","4"
"Haiti","HTI",2022,3047.65179299452,-1.68198396897978,36.529550283828,0.194598953085393,33.98393194707,NA,NA,-2.42897523935011,NA,8.23905048963665,14.635,60.545,NA,NA,63.948,3.20848918,65,331,1.27466893196106,NA,NA,NA,NA,74.8460960850015,2.8,12.3759071117562,2,"Latin America & Caribbean","Lower middle income","3"
"Honduras","HND",2022,6352.58710177732,4.14356194013767,112.698524913966,2.41292398026651,9.08963911525025,NA,NA,-6.69789798896129,NA,70.0841626239484,8.774,48.541,NA,NA,72.715,8.28209972,77,48,4.44157886505127,22.1740608215332,NA,56.4,76.0806241,757.081126374635,11,56.4604522298686,3.5,"Latin America & Caribbean","Lower middle income","4"
"Hong Kong SAR, China","HKG",2022,64036.7870392668,-3.68357113148396,384.879499006935,34.1272301908318,1.88136707196853,NA,NA,10.1831685319613,1273.22278464105,264.440980946471,4.318,52.79,NA,NA,83.6609756097561,NA,NA,NA,3.72866010665894,97.3490219116211,NA,95.6,291.9103362,6374.67499761778,41.9,NA,NA,"East Asia & Pacific","High income","5"
"Hungary","HUN",2022,40353.0023434744,4.58340767295068,185.271113216624,-1.1227943982934,14.6081439492433,23.4281197043669,75.5259534751362,-8.3205705337549,13.4837195669164,36.0413241371957,3.609,53.117,NA,NA,75.8682926829268,6.68981791,99,14,NA,58.0702514648438,NA,89.1,104.0561504,4680.96591412799,22.6,22.4643754109139,NA,"Europe & Central Asia","High income","4"
"Iceland","ISL",2022,65623.1691841046,8.9925076126915,91.527341749796,4.85963418914523,8.3087551155892,22.4684816271722,86.2909756775551,-2.42669497806943,NA,94.3443948321721,3.789,70.57,NA,NA,82.119512195122,9.28593922,91,5,7.13966512680054,84.985237121582,NA,99.8,122.5171495,51258.7597479601,2.9,0.522265198849549,NA,"Europe & Central Asia","High income","2"
"India","IND",2022,8544.68888383182,6.9870393257555,49.9653199690324,1.48921120524648,6.69903414079852,6.71965605554655,NA,-2.35728753316071,107.455319678342,NA,4.822,29.479,NA,NA,71.698,3.3058846,95,90,4.12072849273682,32.6703071594238,76,55.9,80.64857717,1074.84358827742,4.4,24.4494297370837,NA,"South Asia","Lower middle income","4"
"Indonesia","IDN",2022,13334.293520304,5.30741934775764,45.4658986816744,1.87267638101123,4.20946383402165,NA,NA,1.00184767462664,46.2663460129656,35.2890995275057,3.462,52.562,35.5,9.5,70.925,2.69394851,92,148,0.863943338394165,42.6331672668457,NA,66.5,114.9005566,1257.23679274733,5.3,48.0419900717626,NA,"East Asia & Pacific","Lower middle income","4"
"Iran, Islamic Rep.","IRN",2022,15331.3329400419,3.77663140152906,51.597506811024,0.380360591270035,43.4884641742179,NA,NA,NA,409.025769903351,NA,9.085,13.469,34.8,NA,76.799,5.34889174,99,21,3.06036734580994,60.6945381164551,88.9599990844727,79.1,164.5020873,3664.2587305343,7.7,6.64148949152542,NA,"Middle East & North Africa","Lower middle income","4"
"Iraq","IRQ",2022,13393.6749428104,7.63981140218355,68.9343588951008,-0.728508762223113,4.99476596381044,NA,NA,20.237730601562,NA,9.56561894472459,15.511,10.99,NA,NA,72.037,4.29332495,97,59,NA,NA,NA,78.7,98.18424176,1373.11648315901,1.5,1.90036118379833,NA,"Middle East & North Africa","Upper middle income","4"
"Ireland","IRL",2022,125625.319755241,8.61950355191492,232.129490581307,-6.48520600331755,7.82945736434105,16.7857030010673,45.400258888176,8.82777423084431,NA,25.4313711947437,4.501,59.228,NA,NA,82.509756097561,6.11978531,90,7,NA,76.6049499511719,NA,96.6,113.2768198,6125.9848616838,4,11.4678472927856,NA,"Europe & Central Asia","High income","2"
"Isle of Man","IMN",2022,NA,NA,NA,NA,NA,NA,NA,NA,NA,NA,NA,NA,NA,NA,80.956,NA,NA,NA,NA,NA,NA,NA,NA,NA,5.5,6.07017543859649,NA,"Europe & Central Asia","High income","4"
"Israel","ISR",2022,48177.8359316765,6.47037150232485,60.5046618476397,4.38689176804983,4.39359665912654,25.0103227772634,NA,3.2579212324977,51.3594431840401,70.1662884885209,3.695,61.109,NA,NA,82.7,7.34161806,98,3,6.45624446868896,57.6379203796387,NA,91.9,152.2222464,6842.79361757782,10.5,NA,NA,"Middle East & North Africa","High income","2"
"Italy","ITA",2022,52253.7379029486,4.66176265113695,72.0531919277732,2.98280776340516,8.20128991161718,24.6189526387081,NA,-1.5588851197709,NA,69.6223223507776,8.069,40.517,NA,NA,82.7,9.02753067,94,10,NA,73.8962097167969,NA,85.1,132.971226,5215.69012140866,14.5,32.7125321249831,NA,"Europe & Central Asia","High income","2"
"Jamaica","JAM",2022,10072.0485289361,5.22151984737387,NA,1.86419733640372,10.3495688391272,NA,NA,-0.797768635721277,76.3453776829271,50.8255647840625,4.083,60.803,NA,NA,71.481,7.77706337,91,138,5.35435009002686,NA,NA,82.4,106.2021796,1147.5289735216,1.6,55.8320498614958,NA,"Latin America & Caribbean","Upper middle income","4"
"Japan","JPN",2022,44937.608867666,0.954736937781391,46.8437321391913,1.13063140038369,2.49770278172255,NA,216.213375459903,2.1180194826945,126.408745829905,196.831842055378,2.6,54.167,NA,NA,83.9963414634146,11.42183685,98,5,3.23762130737305,64.6288299560547,NA,84.9,167.5231573,7803.26941727044,15.2,68.4087791495199,NA,"East Asia & Pacific","High income","2"
"Jordan","JOR",2022,9266.57547415865,2.64743616429071,104.095459439189,2.56620402018028,4.22915568897117,17.4675167960003,100.908283146258,-7.82338416371671,52.1461275418128,84.2333003504334,18.2,13.922,NA,NA,77.088,6.82820034,86,35,3.16022992134094,32.5119781494141,NA,90.5,67.56799743,1790.64757104556,4.5,1.09804716534901,NA,"Middle East & North Africa","Upper middle income","4"
"Kazakhstan","KAZ",2022,33506.2614893237,3.19999999970734,68.3343147415612,2.25169814661934,15.0278644440851,12.0616921106992,21.3547830101811,2.85390106329207,20.2965255434922,25.0218936908865,4.86,66.978,NA,5.2,73.503,3.74026752,99,14,4.45820236206055,58.9427337646484,NA,92.3,130.4206754,5271.52788457214,11.7,1.3013145534689,NA,"Europe & Central Asia","Upper middle income","4"
"Kenya","KEN",2022,5491.69378280246,4.85998104287999,33.6911387270322,0.691645983068062,7.65986268272224,14.5993496343343,NA,-5.14588548301183,14.0741142996643,31.2584163915549,5.707,62.49,NA,NA,63.549,4.32603645,89,155,4.51101779937744,NA,82.879997253418,NA,121.6735548,189.355465367737,10.3,6.34481849808483,3.5,"Sub-Saharan Africa","Lower middle income","4"
"Kiribati","KIR",2022,3117.76025805862,3.90535280738948,100.362021380962,1.57662839682739,5.34595440908904,20.1950259887155,NA,-12.0081647069354,NA,NA,NA,NA,NA,NA,66.269,10.49855042,85,86,NA,NA,NA,NA,48.82650573,NA,11.8,1.45679012345679,3.5,"East Asia & Pacific","Lower middle income","4"
"Korea, Dem. People's Rep.","PRK",2022,NA,NA,NA,NA,NA,NA,NA,NA,NA,NA,2.805,77.68,NA,NA,73.641,NA,67,67,NA,NA,NA,NA,NA,829.774340651859,1.3,49.7270160285691,NA,"East Asia & Pacific","Low income","4"
"Korea, Rep.","KOR",2022,49777.929303529,2.61267219187226,96.5364092886865,1.49617378306838,5.08951365062842,18.4445796703636,51.1791323198157,1.54300407564714,98.2431064158576,174.967769247283,2.857,55.03,NA,NA,82.6804878048781,9.43414211,97,7,NA,103.276039123535,NA,97.2,148.5880603,11492.9257726667,5.9,64.2110655737705,NA,"East Asia & Pacific","High income","2"
"Kosovo","XKX",2022,13022.4627441502,4.27849895827543,110.012031619226,8.16857541246774,11.5805104542012,NA,NA,-10.5108858226077,NA,52.7823854236435,NA,NA,NA,NA,77.623,NA,NA,NA,NA,NA,NA,NA,NA,NA,NA,NA,3.5,"Europe & Central Asia","Upper middle income","4"
"Kuwait","KWT",2022,50984.3024427951,5.85920887270251,90.7022303371281,0.408967286300289,3.98064961990313,NA,NA,34.2924461669909,83.0068671746977,NA,2.174,49.839,NA,NA,80.5878048780488,4.26875782,99,8,6.58236503601074,NA,NA,99.7,180.9950542,16570.5698678525,10.7,0.350729517396184,NA,"Middle East & North Africa","High income","2"
"Kyrgyz Republic","KGZ",2022,6139.77832836366,8.96750520041391,133.786718048766,0.451992680624909,13.9229093174176,19.5419794530385,47.085480540382,-42.683633961771,NA,20.7968569789079,4.043,52.942,26.4,NA,72.0487804878049,4.92258883,94,44,7.1688437461853,55.9184989929199,NA,82.6,NA,1971.4074947749,6.7,7.04827945776851,3.5,"Europe & Central Asia","Lower middle income","4"
"Lao PDR","LAO",2022,8183.03286472653,2.70742652643155,NA,4.69509225789708,22.9562225132056,12.1129327825423,NA,-2.96567805589965,NA,NA,1.209,61.369,NA,NA,68.715,2.01825476,76,120,1.46083438396454,13.6964569091797,87.5199966430664,62.7,NA,1263.52575146444,18.7,71.6052859618717,2.5,"East Asia & Pacific","Lower middle income","3"
"Latvia","LVA",2022,37685.0082150032,1.8126824022841,159.82671948791,3.20205546190368,17.3102830198815,17.1477758374387,NA,-5.4769655564334,NA,30.985781606162,6.815,55.299,NA,22.5,74.2780487804878,7.62168407,96,29,NA,91.3303680419922,NA,91,117.0957679,3696.42590147937,17.5,54.933793990037,NA,"Europe & Central Asia","High income","4"
"Lebanon","LBN",2022,11474.7505845558,-0.621678970663112,114.888278265666,2.50966160641735,171.205491336641,NA,NA,-34.606227109401,NA,NA,11.6,27.547,NA,NA,78.003,5.73500204,67,15,NA,61.5956115722656,NA,82.8,NA,680.652360897549,0.8,14.128054740958,NA,"Middle East & North Africa","Lower middle income","4"
"Lesotho","LSO",2022,2577.54544127769,2.38778020186284,142.373981443861,-0.332107076234691,8.27180389943028,30.4425486823591,NA,-11.4187592679775,NA,21.6960640017388,16.688,49.13,NA,NA,56.812,12.65127754,81,477,6.43347549438477,NA,82.0100021362305,46.5,67.51784393,NA,0.5,1.13702239789196,3.5,"Sub-Saharan Africa","Lower middle income","3"
"Liberia","LBR",2022,1578.99837069175,4.80810517290655,NA,23.9985301015667,7.59298486560313,NA,NA,1.61973328165346,NA,14.787430409394,2.977,72.039,NA,NA,61.934,13.47386169,79,634,2.27609586715698,NA,NA,21.9,NA,NA,1.2,78.4563953488372,3,"Sub-Saharan Africa","Low income","3"
"Libya","LBY",2022,11456.0768149668,-8.25163004105288,156.321684682347,NA,4.51030149235703,NA,NA,NA,NA,10.7185706773584,19.282,33.4,NA,NA,74.462,4.65005827,73,60,NA,NA,NA,88.6,204.6286291,3979.06643382539,0.2,0.123327687918433,NA,"Middle East & North Africa","Upper middle income","4"
"Liechtenstein","LIE",2022,NA,NA,NA,NA,NA,NA,NA,NA,NA,NA,NA,NA,NA,NA,84.1219512195122,NA,NA,NA,NA,NA,NA,96.5,126.2796552,NA,42.6,41.875,NA,"Europe & Central Asia","High income","4"
"Lithuania","LTU",2022,46651.2142483326,2.53752500887173,175.651612151093,3.40588108209325,19.7050461518394,21.2820773125213,35.9357842383235,-6.08497389220301,NA,35.6991095636078,5.955,58.035,NA,NA,75.6439024390244,7.24335003,87,9,NA,76.9154586791992,NA,87.7,139.1367809,4416.1702815931,17.8,35.2036435371542,NA,"Europe & Central Asia","High income","4"
"Luxembourg","LUX",2022,134629.225268543,1.38018589083207,388.513668433747,-440.130675365293,6.33600807777919,26.4083916985902,NA,9.19738675468933,62.3416621097955,101.493634639941,4.588,56.998,NA,NA,82.9463414634147,5.55154753,99,6,4.70302200317383,21.032600402832,NA,98.2,NA,11629.0998510189,55.8,34.4538272103664,NA,"Europe & Central Asia","High income","1"
"Macao SAR, China","MAC",2022,60089.8389791999,-19.6093363742205,168.081022502393,12.8057066056521,1.04502802369954,16.7016793458137,NA,13.9036281389184,NA,286.55742251628,2.482,63.42,NA,NA,83.0804878048781,NA,NA,NA,6.18937015533447,116.232192993164,NA,88,174.5212668,NA,NA,NA,NA,"East Asia & Pacific","High income","2"
"Madagascar","MDG",2022,1622.61082445382,3.99999999869678,68.8541835192229,3.09123179157013,8.16059031991844,9.3570991994499,NA,-5.47996370230454,NA,18.8744532080051,3.186,82.575,NA,NA,63.068,3.25023246,44,439,3.13901996612549,6.15096998214722,77.4800033569336,18.6,70.18472487,81.3148068743768,3.1,21.3189737023032,3,"Sub-Saharan Africa","Low income","3"
"Malawi","MWI",2022,1659.95933825168,0.921115069005936,NA,1.59888613227793,20.953969729969,13.5038573942269,55.5992119991912,-17.8461868521848,NA,8.64704907517316,5.037,63.508,NA,NA,66.037,6.50023508,82,239,NA,NA,68.0800018310547,17,60.12725997,NA,22.9,22.8860840050912,3.5,"Sub-Saharan Africa","Low income","3"
"Malaysia","MYS",2022,32079.1515157489,8.86182187578046,146.505418280787,3.68689336269238,3.37869862549928,11.6374738583074,60.1811225069523,3.12519285726352,93.5234781570067,113.132875531132,3.93,51.604,NA,NA,75.444,3.90591931,96,38,3.49933791160583,40.2706604003906,96,97.4,141.2923164,4986.12312555985,8.8,57.871678587734,NA,"East Asia & Pacific","Upper middle income","4"
"Maldives","MDV",2022,21357.8112511153,13.8260895184139,162.243570470777,11.8454763227133,2.33314337624567,NA,NA,-16.8682109628804,NA,35.2169996240518,4.419,40.755,NA,NA,80.76,9.65276241,98,34,4.67344331741333,49.9534454345703,NA,83.9,136.5417622,NA,0.1,2.73333333333333,4,"South Asia","Upper middle income","4"
"Mali","MLI",2022,2357.19035404786,3.47495171106735,73.4634225003119,3.809679019826,9.62147608489072,NA,NA,-7.85624060016223,NA,29.7060719351386,2.387,58.067,NA,NA,60.035,3.67284775,73,381,4.03505516052246,NA,NA,34.4,114.4971206,NA,7.5,10.896663634352,3,"Sub-Saharan Africa","Low income","3"
"Malta","MLT",2022,57659.8158299432,4.14788281601133,243.674329907614,126.275787596203,6.15375621933037,22.6539006002605,NA,-0.872518136261447,22.6912261523442,67.948934740931,2.921,55.473,NA,NA,82.4487804878049,9.52376747,96,10,NA,78.6229400634766,NA,91.5,131.5920538,5170.16581030308,7.6,1.4375,NA,"Middle East & North Africa","High income","2"
"Marshall Islands","MHL",2022,6844.33467787253,-1.11806797853311,118.835319652723,1.0157498026835,NA,NA,NA,NA,NA,NA,NA,NA,NA,NA,66.725,11.73604298,81,174,7.54093980789185,53.5061492919922,NA,64.8,NA,NA,0.3,52.2222222222222,2,"East Asia & Pacific","Upper middle income","4"
"Mauritania","MRT",2022,6053.26178704876,6.79600510182286,102.025899125696,14.6644208551054,9.52526628622843,NA,NA,-14.8995650002897,NA,NA,10.531,26.245,NA,NA,68.281,4.48389912,84,385,2.44024252891541,NA,NA,34.3,113.1204131,NA,1.1,0.292896963228874,3,"Sub-Saharan Africa","Lower middle income","3"
"Mauritius","MUS",2022,24831.3727000712,8.87988519700977,118.339828499599,4.48464092625688,10.7737512242899,19.0504977293179,NA,-11.1140662620035,66.2697534582821,72.4160408571107,6.322,42.94,NA,NA,73.5146341463415,5.82381678,98,61,4.84085988998413,44.2026786804199,NA,75.5,161.3582163,2334.2149014315,0,19.4541812719079,NA,"Sub-Saharan Africa","Upper middle income","4"
"Mexico","MEX",2022,21387.5987937272,3.68911109348025,88.3870894769952,2.67181718077609,7.8962761916855,13.4281110671168,44.0481728467751,-1.20188858644509,31.0296040169208,34.310096245079,3.256,46.004,43.5,36.3,73.973,5.72145176,86,45,NA,46.4061317443848,NA,78.6,100.2881985,2351.59528868272,19,33.6616419660999,NA,"Latin America & Caribbean","Upper middle income","4"
"Micronesia, Fed. Sts.","FSM",2022,3874.19905459701,-0.778210116731515,84.8371395348837,NA,5.40874375479067,NA,NA,NA,NA,NA,NA,NA,NA,NA,66.961,10.34470272,69,144,NA,NA,NA,NA,NA,NA,0,92.1142857142857,2,"East Asia & Pacific","Lower middle income","4"
"Moldova","MDA",2022,15291.1287359331,-5.01548231924089,110.733965557959,4.03859534264597,28.7372976766236,18.9403645740556,34.5213178653949,-17.1069335842635,NA,27.538789542198,0.897,71.543,NA,31.1,71.546,6.96505404,84,19,6.11053991317749,NA,NA,76.7,127.4162572,2255.74554684034,11.4,11.7512921860748,NA,"Europe & Central Asia","Upper middle income","4"
"Monaco","MCO",2022,NA,11.0469394271752,NA,NA,NA,NA,NA,NA,NA,NA,NA,NA,NA,NA,85.746,3.39779735,88,5,1.17324995994568,NA,NA,99.1,106.8167485,NA,99.2,0,NA,"Europe & Central Asia","High income","4"
"Mongolia","MNG",2022,15310.4349469163,5.0327096366527,136.327929944516,14.6053065112102,15.1479560897226,NA,NA,-13.4342448059604,NA,40.9774857798216,6.211,53.922,31.4,27.1,71.9007317073171,8.85170174,94,41,4.18056726455688,64.3169937133789,NA,82.2,142.2895592,2545.61487913499,19.8,9.09823321482806,NA,"East Asia & Pacific","Lower middle income","4"
"Montenegro","MNE",2022,25693.3251666824,6.40668032879275,125.898604629493,14.0062013047765,13.0403036347004,NA,NA,-13.1281582011878,NA,47.3174810880048,14.851,41.59,NA,NA,76.1878048780488,10.92241859,33,13,NA,57.4317893981934,NA,88.2,203.1681662,4390.70466759449,9.2,61.4869888475836,NA,"Europe & Central Asia","Upper middle income","4"
"Morocco","MAR",2022,8666.0791015625,1.52720357976111,101.132382053244,1.75205980018911,6.65704202759067,22.1085229186507,NA,-3.66568548335361,41.012623102578,87.6314555345126,9.494,19.584,NA,NA,75.161,5.68049145,99,71,5.91224670410156,46.1795501708984,77.3499984741211,89.9,NA,978.27258674367,1.6,12.9136878781089,NA,"Middle East & North Africa","Lower middle income","4"
"Mozambique","MOZ",2022,1476.66560299552,4.36445074535436,135.279578416991,16.0042947069706,10.2794018093421,22.66159088001,76.6350609536734,-33.7160091783462,NA,20.72083608791,3.596,78.214,NA,NA,63.011,8.77717781,63,104,6.16198396682739,NA,NA,18.8,42.07158261,397.718709002866,18,46.1193311121849,3,"Sub-Saharan Africa","Low income","3"
"Myanmar","MMR",2022,5350.4766689956,4.03749343593624,NA,1.98946076080719,NA,NA,NA,NA,NA,NA,3.057,41.038,NA,NA,66.506,5.20476246,75,193,NA,NA,NA,58,106.6964737,354.132028017225,3.9,42.846262276495,2,"East Asia & Pacific","Lower middle income","3"
"Namibia","NAM",2022,9948.46458487266,5.34966408559102,99.1081598746768,8.40312508783681,6.08128114112413,27.1715483207126,NA,-12.8152208955281,17.1769988822297,61.0338236640477,19.695,55.382,NA,NA,64.19,9.29635525,89,127,9.67791175842285,28.8917407989502,NA,61.1,113.1970166,1230.93981233791,23.2,7.89136270330017,NA,"Sub-Saharan Africa","Upper middle income","4"
"Nauru","NRU",2022,12467.346889204,3.02263627499464,164.734798471964,NA,NA,NA,NA,1.8912535139693,NA,NA,NA,NA,NA,NA,61.93,18.17031097,98,317,7.80539798736572,NA,NA,NA,NA,NA,0,0,NA,"East Asia & Pacific","High income","4"
"Nepal","NPL",2022,4763.38751082389,5.63131455871746,48.9734014798843,0.160405404733411,7.6507917679853,NA,NA,-7.49867255763833,NA,94.4669915630639,10.844,27.516,30,20.3,70.087,6.65589333,90,139,3.61778378486633,13.9988746643066,NA,53.9,NA,321.045264151601,23.6,41.5907220090687,3,"South Asia","Lower middle income","4"
"Netherlands","NLD",2022,71324.0360613187,5.00723459045037,184.107484252682,1.48704290039353,10.0012078753473,23.898794550321,NA,6.65774559718475,NA,88.8195045380451,3.526,62.443,NA,NA,81.6146341463415,10.10068321,89,4,5.05201101303101,NA,NA,92.5,118.0652669,6365.46605154448,25.3,11.0296673596674,NA,"Europe & Central Asia","High income","2"
"New Caledonia","NCL",2022,NA,3.49999999631376,NA,7.23562598706021,NA,NA,NA,NA,NA,NA,10.71,52.587,NA,NA,77.698,NA,NA,NA,NA,NA,NA,NA,NA,NA,95.8,45.8326039387309,NA,"East Asia & Pacific","High income","4"
"New Zealand","NZL",2022,49206.8705317548,2.7748426484212,54.0869189811484,3.3802437002905,7.17222476016441,29.9338565180745,54.5666722344428,-8.76545636261221,39.5348385888856,147.762871682462,3.297,66.374,NA,NA,81.9585365853658,10.02858067,90,23,5.23012018203735,77.0104675292969,NA,96.2,114.6898687,8099.15578832174,30.6,37.719363487904,NA,"East Asia & Pacific","High income","2"
"Nicaragua","NIC",2022,7258.68171711412,3.75228475736668,115.339373850037,8.26714699998342,10.4674244465991,19.8411915266524,NA,-2.47222072522306,NA,29.6706798497694,4.961,49.536,NA,NA,74.463,8.95364857,93,61,3.79476308822632,19.3310508728027,NA,49.1,NA,682.400254120922,10,26.6538972910088,3.5,"Latin America & Caribbean","Lower middle income","4"
"Niger","NER",2022,1717.51891457684,11.9000000000277,31.3325137050778,6.25880834283466,4.22621791916392,NA,NA,-16.1987356727326,NA,12.4891662415375,0.418,60.339,NA,NA,60.398,4.35259724,65,361,4.10143089294434,NA,38.0999984741211,23.3,NA,62.4210526773239,18.2,0.83276229572906,3,"Sub-Saharan Africa","Low income","3"
"Nigeria","NGA",2022,5552.83764994957,3.25168140827093,NA,-0.0391267487603444,18.8471877843274,NA,NA,0.213362293998091,19.1534978554031,12.9574673117641,3.821,77.06,NA,NA,54.079,4.27090406,60,1016,0.348516702651978,NA,NA,37.7,101.6857635,135.603309430584,11.6,23.3871888621716,4,"Sub-Saharan Africa","Lower middle income","3"
"North Macedonia","MKD",2022,22822.3566269389,2.75888415332967,166.147357379878,6.13067578989693,14.2047173195833,NA,NA,-6.23699171036603,NA,54.2953220350026,14.476,42.206,NA,NA,74.4248780487805,7.6204114,71,3,NA,53.1601181030273,NA,85,97.83329942,3479.25874810014,15.4,39.7101506740682,NA,"Europe & Central Asia","Upper middle income","4"
"Northern Mariana Islands","MNP",2022,NA,16.6427546628408,93.1569343065693,NA,NA,NA,NA,NA,NA,NA,NA,NA,NA,NA,78.531,NA,NA,NA,NA,NA,NA,NA,NA,NA,33.1,52.9565217391304,NA,"East Asia & Pacific","High income","4"
"Norway","NOR",2022,90838.9079553172,3.00563516076298,82.6051865827872,2.40483177135676,5.76412317852272,31.4803116224232,NA,28.7529564185732,NA,110.753636441674,3.231,61.596,NA,NA,82.509756097561,7.94803333,96,3,3.96801972389221,97.6419830322266,NA,99,110.6788541,23373.4710590389,15.2,33.4795618634529,NA,"Europe & Central Asia","High income","2"
"Oman","OMN",2022,40366.458231347,9.5771061309605,100.584539895545,6.21991338772931,2.5061425061425,NA,NA,3.89667138645212,19.8917004744159,54.7476590617624,3.3,30.633,NA,NA,77.911,2.9162159,97,13,4.19907999038696,NA,97,95.2,NA,8157.53835017608,1.5,0.00779030694668821,NA,"Middle East & North Africa","High income","4"
"Pakistan","PAK",2022,5526.27928310213,4.7781068690358,33.031353478032,0.389980753542853,19.8738599646655,NA,NA,-3.25858181478804,7.65928068341595,14.8383242381905,5.485,24.15,NA,NA,67.417,2.90434051,82,160,1.97444903850555,10.6203098297119,NA,24.2,81.74691267,605.788247596384,9.8,4.72605334163553,3.5,"South Asia","Lower middle income","3"
"Palau","PLW",2022,15477.5519831509,-1.31844903330447,87.7375749396558,28.1754765975043,12.3526638378124,NA,NA,-52.9862033027857,NA,NA,NA,NA,NA,NA,68.922,14.28555965,96,121,3.57620143890381,40.5448722839355,NA,NA,132.927167,NA,100,90.3695652173913,NA,"East Asia & Pacific","Upper middle income","4"
"Panama","PAN",2022,33833.0265078284,10.769665870619,93.687178754867,3.92922448045916,2.85965128834711,NA,NA,-0.622928866140088,20.4887200294506,NA,8.086,52.137,NA,NA,79.324,8.46561432,87,40,3.36693000793457,58.173511505127,NA,77.7,156.3065885,2546.37083076087,27.7,56.4978579131842,NA,"Latin America & Caribbean","High income","4"
"Papua New Guinea","PNG",2022,4125.49303568434,5.70758411822096,NA,3.77051759671847,5.25323922215241,14.7704952121195,48.188818095314,14.4322078264296,NA,15.0426900506609,2.689,50.645,NA,NA,65.274,2.61825109,41,189,NA,NA,NA,23.7,NA,NA,0.7,79.0281764783818,2.5,"East Asia & Pacific","Lower middle income","3"
"Paraguay","PRY",2022,15259.145631184,0.176038366132886,73.7379050218566,1.7748246828845,9.76556667164402,10.2661363911407,NA,-7.15542769879496,NA,51.0176123623542,6.755,58.986,45.1,24.7,72.319,7.73804235,54,78,3.39619994163513,NA,NA,76.3,127.7049687,2213.01378130259,14.3,39.2502935554672,NA,"Latin America & Caribbean","Upper middle income","4"
"Peru","PER",2022,15548.9316184939,2.72550021563363,57.2510734358091,4.54440029182456,8.33370630096231,NA,NA,-3.9528164279387,28.9323256297363,45.5897474033429,3.85,66.725,40.3,27.5,76.834,6.0930872,74,81,3.83315992355347,NA,NA,74.7,122.0264016,1588.44822284327,16.8,56.238047734375,NA,"Latin America & Caribbean","Upper middle income","4"
"Philippines","PHL",2022,9457.10395402883,7.58098212785563,72.4296836107599,2.3475097233369,5.82115811213955,14.6190058206626,NA,-4.51605763317135,59.0031215105936,48.8730299164323,2.598,50.38,NA,NA,69.472,5.15676308,76,92,3.57960081100464,39.5887565612793,NA,75.2,144.0428223,884.680258485773,3.7,24.3430593285709,NA,"East Asia & Pacific","Lower middle income","4"
"Poland","POL",2022,43405.0215797441,5.25545697386036,123.021332860345,6.00626096603428,14.4294507575758,17.1225309189416,NA,-2.27455866454271,21.2270923160449,39.3159295032007,2.811,51.167,NA,11.8,77.1560975609756,6.39626455,91,2,NA,75.2911071777344,NA,86.9,131.9444373,4596.71266565855,38,31.0594923061845,NA,"Europe & Central Asia","High income","2"
"Portugal","PRT",2022,41070.8613689035,6.98584193827881,101.364147310434,4.99366083705917,7.83269124233323,23.1729319243708,NA,-2.08477768135412,NA,89.456311914271,6.011,54.171,NA,NA,81.6317073170732,10.46883011,98,16,NA,75.557243347168,NA,84.5,124.5494123,5085.23209727273,17.2,36.154994891142,NA,"Europe & Central Asia","High income","2"
"Puerto Rico","PRI",2022,42562.3765666695,3.56811024720668,98.5007114730309,NA,NA,NA,NA,NA,NA,NA,6,32.741,NA,NA,79.427,NA,NA,55,NA,NA,NA,87.3,119.7930948,NA,2.1,56.0665163472379,NA,"Latin America & Caribbean","High income","4"
"Qatar","QAT",2022,114740.123614647,4.18500971344966,100.213647202145,0.0322850616411601,4.99527553740761,NA,NA,26.7778361985376,70.7551597709645,101.083984280738,0.13,63.54,NA,NA,81.857,2.18112326,99,8,NA,35.0854911804199,NA,99.7,174.1281471,19381.0862244213,5.8,0,NA,"Middle East & North Africa","High income","2"
"Romania","ROU",2022,39380.2517863094,3.96530766311717,93.6215624887545,3.87290125410084,13.7954887432521,16.1575659433589,50.8849084169995,-9.22066575659504,9.78015986230163,25.1339572608586,5.614,43.167,NA,NA,75.1536585365854,5.7490139,83,13,NA,58.2390403747559,NA,85.5,118.1071502,2717.53652859422,24.4,30.1158292767733,NA,"Europe & Central Asia","High income","4"
"Russian Federation","RUS",2022,38263.6171875,-2.06971152527731,43.2587048229719,-1.7564179452356,NA,10.9703387752924,19.5062376778091,10.4912490569379,23.3935344033351,NA,3.867,55.3,NA,NA,72.5456097560976,6.91986275,97,13,4.05402755737305,53.9151916503906,NA,90.4,NA,7184.42203703818,8.6,49.7843360788722,NA,"Europe & Central Asia","Upper middle income","4"
"Rwanda","RWA",2022,2889.88485326106,8.15773308481241,61.1450799962783,2.29121490634389,17.6892095588153,13.6800513137456,NA,-9.36031324294925,25.8683416875944,22.8466318850573,15.084,54.695,NA,NA,67.528,7.8792119,99,234,4.74623012542725,7.41325998306274,79,31.2,79.86005064,68.1267274337541,9.1,11.2687474665586,4,"Sub-Saharan Africa","Low income","3"
"Samoa","WSM",2022,5843.77179166403,-5.30629089966979,64.9831803274504,0.576323080112091,10.9618822286844,NA,NA,-8.89697504523242,NA,94.9833643685779,5.048,31.15,NA,NA,71.55,6.3012085,82,110,4.88079118728638,17.0321598052979,NA,57.3,60.40057199,NA,0.3,57.8093525179856,3.5,"East Asia & Pacific","Lower middle income","4"
"San Marino","SMR",2022,70887.573899815,7.89844145767604,370.436071813414,NA,5.32545321311365,17.811406929408,103.153573465904,15.5187024540628,NA,NA,NA,NA,NA,NA,85.708,7.40650225,91,22,3.43181848526001,53.7988815307617,100,85.1,121.8062983,NA,NA,16.6666666666667,NA,"Europe & Central Asia","High income","2"
"Sao Tome and Principe","STP",2022,5632.13890715047,0.168698492216564,NA,23.436015111899,18.0056351122841,NA,NA,-14.688595567935,NA,12.8517556324548,8.992,23.162,NA,NA,69.237,7.46419811,82,82,5.15598058700562,NA,93.75,61.6,86.77896033,NA,0.2,52.7708333333333,2.5,"Sub-Saharan Africa","Lower middle income","4"
"Saudi Arabia","SAU",2022,57351.8743866923,7.48598429134137,63.5136679204925,2.40941273850816,2.4740737192537,7.77202251312307,NA,13.5628144844014,238.017234733085,NA,5.589,34.099,NA,NA,77.31,4.62462378,98,9,NA,73.7492065429688,NA,100,132.3800002,11835.3177587823,4.5,0.454484134921779,NA,"Middle East & North Africa","High income","2"
"Senegal","SEN",2022,4227.73341842106,3.82586363675534,80.0330777056171,10.6036596450158,9.69681899081073,18.7027845144628,NA,-20.0668972619486,NA,32.3729350761131,2.837,37.146,NA,NA,67.788,4.06358385,76,228,5.98753976821899,16.8081398010254,57.6699981689453,59.2,120.4336409,399.521774928173,15.5,41.4904690178154,3.5,"Sub-Saharan Africa","Lower middle income","3"
"Serbia","SRB",2022,24634.5604407142,2.63098644408841,131.93764235858,6.90481580907468,11.9815117344703,23.8974066325941,NA,-6.67240065379081,NA,38.393741982835,8.439,50.566,NA,NA,75.2365853658537,9.65742779,81,14,3.23938989639282,72.0334320068359,NA,83.5,NA,5113.70107266182,8.1,32.3858163872042,NA,"Europe & Central Asia","Upper middle income","4"
"Seychelles","SYC",2022,28540.7623221189,14.9768513322959,186.172111653646,9.22401812517098,2.6260363285129,NA,NA,-6.88290172207539,59.0791349957043,NA,NA,NA,NA,NA,73.7024390243903,4.2375164,98,89,4.74013519287109,13.9304103851318,NA,87,191.50843,NA,32.8,73.2608695652174,NA,"Sub-Saharan Africa","High income","4"
"Sierra Leone","SLE",2022,2934.03013453843,5.3135546141915,45.0667937946444,4.12930049684053,27.2082883814653,NA,NA,-6.35040642174422,NA,3.53886131485916,3.175,51.563,NA,NA,61.275,7.94752312,90,370,8.5391845703125,NA,48.6399993896484,19.2,NA,NA,5.1,34.5721806594625,3.5,"Sub-Saharan Africa","Low income","3"
"Singapore","SGP",2022,132468.930252646,3.83807678519807,332.981369857911,29.8437975950876,6.12106004039418,12.0331929577548,157.363109274773,18.8115123045876,124.251416887344,NA,3.591,62.921,NA,NA,82.8951219512195,4.89702511,96,34,2.48891997337341,98.0222320556641,NA,96,156.4790531,10143.4764668295,2.5,21.1838440111421,NA,"East Asia & Pacific","High income","2"
"Sint Maarten (Dutch part)","SXM",2022,43877.2491431337,9.80000111145777,NA,1.11128384508943,NA,NA,NA,-3.70725232653415,NA,NA,NA,NA,NA,NA,76.18,NA,NA,NA,4.18044137954712,3.38302993774414,NA,NA,NA,NA,8.2,10.8823529411765,NA,"Latin America & Caribbean","High income","4"
"Slovak Republic","SVK",2022,38638.4364624074,0.449673875081572,203.850946665515,4.16384241518814,12.7741463637611,19.4396053860888,64.3157885777548,-9.59769039750434,NA,66.6608368151436,6.143,55.692,NA,NA,76.9658536585366,7.73064041,95,5,NA,52.4959106445312,NA,89.1,131.9254542,4957.70057248564,37.6,40.05615640599,NA,"Europe & Central Asia","High income","2"
"Slovenia","SVN",2022,47064.1512498345,2.69923755687375,186.21959497631,3.63837227783815,8.83369886749452,21.0207424971582,NA,-1.03019750160202,13.6352131410655,41.1641298871861,4.011,53.875,NA,12.7,81.2829268292683,9.60507679,96,15,NA,82.3922576904297,NA,88.9,126.1838135,6730.81839858035,40.1,61.2701922885918,NA,"Europe & Central Asia","High income","2"
"Solomon Islands","SLB",2022,2517.92542109908,2.40248143622522,78.0359309562018,2.59958214293394,5.51812928576938,20.6697404986497,15.3931660730361,-13.9516929510842,NA,32.4970228943599,1.483,82.386,NA,NA,70.409,4.82369328,90,126,8.48737812042236,NA,NA,42.1,NA,NA,0.2,90.0861021793498,2.5,"East Asia & Pacific","Lower middle income","4"
"Somalia","SOM",2022,1387.8137441605,2.72711429582988,90.7598911643221,6.23360293508366,NA,NA,NA,NA,NA,NA,19.05,20.948,NA,54.4,53.931,2.62183189,46,622,NA,NA,54,27.6,50.25710738,NA,0,9.28762712404757,2.5,"Sub-Saharan Africa","Low income","3"
"South Africa","ZAF",2022,13777.1927520564,1.91147996033504,64.7830021330108,2.27046857469366,7.03987272546482,26.0054597822428,76.2372383337531,-0.461509368787066,287.955400759637,91.721858565369,33.268,50.865,NA,NA,65.454,8.77086639,86,129,6.16726016998291,27.1743202209473,NA,75.5,167.3958702,3357.92464091342,12.7,13.9950786833623,NA,"Sub-Saharan Africa","Upper middle income","4"
"South Sudan","SSD",2022,NA,NA,NA,NA,-6.68732094212672,NA,NA,-11.7319125163085,NA,3.15515125722489,12.545,71.383,NA,NA,57.203,6.76125622,72,704,NA,NA,NA,NA,30.02012982,46.909690317105,15.5,11.3256215087114,1,"Sub-Saharan Africa","Low income","3"
"Spain","ESP",2022,46675.9118515112,6.17931222572963,78.6275624641006,4.52740675341745,8.39057634118627,15.496178371307,109.217961229509,0.309856961117303,46.0075030884494,88.2557080550862,12.917,52.567,NA,20.2,83.1341463414634,9.73828793,96,4,4.31587886810303,94.5131072998047,NA,94.5,124.0994495,5182.69523645187,17.9,37.1827922798055,NA,"Europe & Central Asia","High income","2"
"Sri Lanka","LKA",2022,13249.4085187153,-7.34679123599076,46.6814414772198,1.19246347205259,49.7211021114327,7.27705001462942,NA,-1.95354537364034,14.2939356379635,NA,4.528,31.604,NA,NA,77.3,4.36269855,99,22,1.20397222042084,22.9647026062012,92,48.3,143.0794174,684.05392002164,3.4,34.0559327513741,3,"South Asia","Lower middle income","4"
"St. Kitts and Nevis","KNA",2022,29761.2753518753,10.5228492759939,NA,5.39488120127101,2.66817533111249,NA,NA,-11.3798541432377,NA,63.0959748816919,NA,NA,NA,NA,70.313,5.56801701,95,99,3.63147068023682,NA,NA,75.6,NA,NA,4.5,42.3076923076923,NA,"Latin America & Caribbean","High income","4"
"St. Lucia","LCA",2022,22961.9622175008,20.3867675749845,NA,2.53265508355335,6.37814695133351,NA,NA,-3.56176856433687,NA,51.0714906802839,15.934,62.68,NA,NA,72.67,5.01938295,81,48,3.69847011566162,16.2592697143555,NA,65.4,NA,NA,0.9,34.0491803278688,3.5,"Latin America & Caribbean","Upper middle income","4"
"St. Martin (French part)","MAF",2022,NA,NA,NA,NA,NA,NA,NA,NA,NA,NA,NA,NA,NA,NA,80.236,NA,NA,NA,NA,NA,NA,NA,NA,NA,92,24.8,NA,"Latin America & Caribbean","High income","4"
"St. Vincent and the Grenadines","VCT",2022,17172.2076165046,7.1598328657349,NA,6.75002203461927,5.66009779226552,NA,NA,-20.6651510425249,NA,42.1569401386457,19.417,55.32,NA,NA,71.191,4.68767738,99,56,7.20952939987183,40.9883728027344,NA,71.7,100.4617693,NA,0.5,73.1794871794872,3.5,"Latin America & Caribbean","Upper middle income","4"
"Sudan","SDN",2022,3132.0771484375,-0.957816591119183,2.69883443585856,1.11000421594226,138.80846024176,NA,NA,-8.59889945377348,NA,5.63980468495649,7.53,14.451,NA,NA,65.695,4.61874437,66,263,NA,NA,NA,NA,73.96660858,278.81869324934,2.8,9.64412740899358,2.5,"Sub-Saharan Africa","Low income","3"
"Suriname","SUR",2022,18742.5873760369,2.40622235601218,NA,-0.245419018781694,52.446027276241,NA,NA,2.01288430178227,NA,19.3784779706784,8.16,44.461,39.2,NA,73.254,5.91760969,74,88,3.43460845947266,5.9513897895813,NA,77.6,150.2880072,2955.88320249565,8.5,94.5238739770656,NA,"Latin America & Caribbean","Upper middle income","4"
"Sweden","SWE",2022,63215.4363098276,1.45928850757269,105.855015275665,9.30392491904333,8.36929098869189,27.6047528383889,36.9103515627997,4.72576156484506,NA,134.945545863567,7.392,61.217,NA,16.1,83.0585365853659,10.49857044,92,5,NA,83.8976135253906,NA,95,125.0711442,12418.3973191038,15.5,68.6996660773915,NA,"Europe & Central Asia","High income","2"
"Switzerland","CHE",2022,82203.0592757056,2.56832817834069,140.169548786107,-1.96196698307395,2.83502798644463,9.10068229044156,17.8028338561752,8.83701935773527,223.66388401479,NA,4.122,61.495,NA,NA,83.6048780487805,11.70653343,96,4,4.88824462890625,74.1526794433594,NA,96.5,119.5610489,7309.48578845284,12.1,32.2956707010417,NA,"Europe & Central Asia","High income","2"
"Syrian Arab Republic","SYR",2022,4454.85373271464,0.732781301861365,35.6094680799956,NA,NA,NA,NA,NA,NA,NA,13.268,13.451,26.6,NA,72.79,4.15098715,52,21,NA,NA,NA,NA,NA,689.514767783153,0.7,2.81931537110257,NA,"Middle East & North Africa","Low income","4"
"Tajikistan","TJK",2022,4213.75618362687,8.00000033846364,65.4355115893577,1.62432287476597,NA,10.3442793393563,NA,15.2573634253921,NA,10.4170792945354,11.634,31.646,NA,22.5,71.562,7.62917423,98,14,5.71509790420532,38.3422508239746,NA,53.1,NA,1475.70932945677,22.3,3.06794437639599,3,"Europe & Central Asia","Lower middle income","4"
"Tanzania","TZA",2022,3546.98095703125,4.56600576430955,35.0034517101994,1.89728870685569,4.35027204269101,11.7926807934669,NA,-7.23534153367144,8.83842187324102,15.1576772705188,2.588,80.186,NA,NA,66.879,3.1119566,89,152,3.23824501037598,5.43237113952637,82.0199966430664,22.1,91.89984822,123.470486172843,31.2,50.5836531948521,4,"Sub-Saharan Africa","Lower middle income","3"
"Thailand","THA",2022,20741.5235270511,2.46276934050356,132.856382043634,2.39179594101395,6.07741228434321,15.1390339194536,60.3498576793725,-3.46252016627717,121.932990901677,156.452254551767,0.94,59.576,NA,NA,75.291,5.35470581,93,112,2.61187028884888,43.9606094360352,91.0998687744141,88,176.3169269,2867.4155798463,13.3,38.7578539411615,NA,"East Asia & Pacific","Upper middle income","4"
"Timor-Leste","TLS",2022,5344.13695159456,-20.584244040573,97.6219210034052,-12.3226387355665,7.00530945399787,21.6431776681624,NA,14.7729942622211,NA,12.723625764127,1.537,61.113,NA,NA,67.368,14.32454681,72,235,NA,NA,NA,34.5,110.4161199,NA,5.2,61.7552118359112,2.5,"East Asia & Pacific","Lower middle income","3"
"Togo","TGO",2022,2662.25917134822,5.75954251521733,65.4877850146886,-2.1213197375223,7.96757361617945,14.1875620772128,NA,NA,NA,28.1263423031561,1.965,56.031,NA,NA,62.29,6.04134083,71,362,3.79811930656433,NA,NA,35.5,74.18189659,191.864716012717,22.1,22.1244714101857,3,"Sub-Saharan Africa","Low income","3"
"Tonga","TON",2022,6901.73855566074,-2.30986002720401,75.3152309447865,0.561880376085847,10.9713652903022,21.9108611987243,NA,-5.35510114772662,NA,38.6262031254017,2.302,42.096,NA,NA,72.635,8.13607597,99,72,5.64619207382202,NA,NA,57.7,NA,NA,0.1,12.4305555555556,3,"East Asia & Pacific","Upper middle income","4"
"Trinidad and Tobago","TTO",2022,31323.277264658,1.48223484044745,NA,-3.0395904935468,5.82838638517959,NA,NA,17.449203574133,NA,35.0118940662202,4.383,50.02,NA,NA,73.331,6.43106365,92,30,2.87970423698425,NA,NA,84.5,130.5663978,6590.98480383364,2,44.317738791423,NA,"Latin America & Caribbean","High income","4"
"Tunisia","TUN",2022,12632.0392214109,2.67331821840567,112.441001996161,1.44283667390745,8.30646124447623,NA,NA,-8.9036859663426,17.3931843107393,66.497374115203,15.3,27.519,NA,NA,76.05,6.96380186,95,38,6.8049898147583,37.8049087524414,85.2149276733398,70.6,129.2577838,1595.4672096668,5.2,4.54293254376931,NA,"Middle East & North Africa","Lower middle income","4"
"Turkiye","TUR",2022,32748.3189010181,5.53342787492781,81.170129694525,1.50652874838996,72.3088359891207,16.0920714893319,35.2457946156302,-5.10220035575386,36.3801470009873,54.500073637679,10.465,35.018,NA,NA,77.591,3.70338893,95,21,2.61430358886719,127.577972412109,NA,83.4,105.807654,3554.2281621305,5.7,29.2768733027559,NA,"Europe & Central Asia","Upper middle income","4"
"Turkmenistan","TKM",2022,17119.5744946142,6.19999993621698,37.3609509597775,1.58726125958082,NA,NA,NA,NA,NA,NA,4.109,48.752,NA,NA,69.913,5.37103748,98,5,3.73386001586914,18.2516593933105,NA,NA,NA,2829.2467434825,3.2,8.78215904496414,NA,"Europe & Central Asia","Upper middle income","4"
"Turks and Caicos Islands","TCA",2022,22209.910930798,6.19999948551566,NA,2.84832031181165,NA,NA,NA,NA,NA,NA,NA,NA,NA,NA,77.918,NA,NA,NA,4.10991382598877,17.0910491943359,NA,NA,NA,NA,0.4,11.0736842105263,NA,"Latin America & Caribbean","High income","4"
"Tuvalu","TUV",2022,5498.17892082585,0.677309361438304,NA,0.337639353401454,NA,NA,NA,4.59319167015377,NA,NA,NA,NA,NA,NA,66.852,18.38210106,90,220,NA,NA,NA,73.6,NA,NA,0,33.3333333333333,2.5,"East Asia & Pacific","Upper middle income","4"
"Uganda","UGA",2022,2724.90609568409,4.58802192181773,34.5053019270937,6.48071635146718,7.1957888597581,12.5499042669422,53.890283064004,-8.91895156607101,NA,15.0891724993299,2.886,76.586,NA,NA,67.675,4.39089251,92,184,2.56105017662048,NA,80.5899963378906,11.1,69.986293,89.8701256209773,16.1,11.2477114502294,3.5,"Sub-Saharan Africa","Low income","3"
"Ukraine","UKR",2022,13787.12109375,-28.7585842132117,87.3965139907244,0.136428578229067,20.1836366617478,16.6915073808281,NA,4.9237752939142,NA,23.316037813157,NA,NA,NA,NA,72.658,NA,74,16,5.93389987945557,NA,NA,82.7,NA,2440.39004729156,12.3,16.7449085260614,NA,"Europe & Central Asia","Lower middle income","4"
"United Arab Emirates","ARE",2022,68867.8259305075,7.50969703221836,188.945461747377,4.52260109377545,5.29122604376849,0.578507736753989,NA,NA,173.763029328312,66.586486399096,2.872,53.057,NA,NA,80.487,4.67550945,98,2,NA,NA,98,100,212.2208173,14687.9739775088,15.9,4.46775556181357,NA,"Middle East & North Africa","High income","2"
"United Kingdom","GBR",2022,52836.0247301829,4.83908514714403,68.8805301397863,1.44178892281254,7.92204883147902,27.173147226044,141.244397228023,-2.27877411232757,99.420077236848,128.848239490696,3.73,57.703,NA,NA,81.0112195121951,11.05087757,90,15,4.95917558670044,80.1511001586914,NA,96.3,120.8191165,4323.34675694414,39.9,13.2554871243748,NA,"Europe & Central Asia","High income","2"
"United States","USA",2022,72841.9243127082,2.51237531983308,26.891689830077,1.57259077429972,8.00279982052121,12.5989036829582,112.817613391957,-3.8916721040072,154.951152065724,187.583603870675,3.65,56.03,41.3,NA,77.4341463414634,16.49613953,92,20,NA,79.361930847168,NA,92.2,110.1664718,12997.1874485207,15.9,33.8669264120375,NA,"North America","High income","2"
"Uruguay","URY",2022,30879.9288178994,4.70725761465232,58.8336177106898,12.3672335202236,9.10437983075437,18.7128801912454,54.5738236891359,-3.71115949105198,NA,26.7890457790898,7.877,55.656,40.6,9.9,76.468,8.94532204,96,20,4.5073299407959,76.3977432250977,99,89.9,138.526391,3589.8886229166,2.4,11.8443606444978,NA,"Latin America & Caribbean","High income","4"
"Uzbekistan","UZB",2022,9607.56167273728,6.00134232206508,63.869253404655,2.94947448385165,11.4466436998836,11.988740277413,NA,-3.15990083649044,NA,32.7092516216428,4.49,39.602,31.2,14.1,72.147,7.36325455,99,27,5.23477172851562,31.2952404022217,100,83.9,103.0681174,2094.05232640759,5.8,8.49046413042492,3.5,"Europe & Central Asia","Lower middle income","4"
"Vanuatu","VUT",2022,3122.64007540699,1.9160570121628,70.7641815853524,1.04625135146101,6.67930581887121,16.2290807542593,82.3341842143202,-12.4662029314868,NA,57.0181398890745,5.143,53.989,NA,NA,71.302,4.14742947,70,105,10.7033452987671,NA,NA,45.7,78.19948583,NA,0.1,36.2838392124692,2.5,"East Asia & Pacific","Lower middle income","4"
"Venezuela, RB","VEN",2022,NA,NA,NA,NA,NA,NA,NA,NA,NA,NA,5.707,37.634,NA,NA,72.566,4.55047369,52,219,NA,NA,97.5999984741211,NA,63.41889546,1989.22362681028,39,52.2949719403662,NA,"Latin America & Caribbean","Not classified","4"
"Virgin Islands (U.S.)","VIR",2022,46479.2996685326,-1.31123206333498,205.629280821918,NA,NA,NA,NA,NA,NA,NA,13.007,50.179,NA,NA,80.319512195122,NA,NA,NA,NA,NA,NA,NA,NA,NA,1,57.7428571428571,NA,"Latin America & Caribbean","High income","4"
"West Bank and Gaza","PSE",2022,5753.08395899307,4.08276027347105,82.3949283869453,1.62179695015304,3.74122391852077,NA,NA,-10.6265229873781,25.5468419816858,47.7106174807336,24.42,18.934,NA,NA,76.662,9.73336029,97,17,NA,44.9846382141113,98,88.6,NA,NA,8.4,NA,NA,"Middle East & North Africa","Lower middle income","4"
"Yemen, Rep.","YEM",2022,NA,NA,NA,NA,NA,NA,NA,NA,NA,NA,17.363,4.977,NA,NA,67.952,6.18666697,53,125,NA,NA,NA,NA,NA,53.9729140214357,0.6,1.03983180862549,3,"Middle East & North Africa","Low income","4"
"Zambia","ZMB",2022,3585.12379084347,5.21122360356247,69.2973154193203,-0.223286755156161,10.9932039209136,NA,NA,3.74784661580664,13.8433005038651,12.9750888260207,5.995,53.968,51.5,60,65.279,5.25592279,90,89,3.58259510993958,NA,NA,32,99.10241824,703.966836001778,41.3,59.7769691548178,3,"Sub-Saharan Africa","Low income","3"
"Zimbabwe","ZWE",2022,3323.1219315624,6.13926326513234,64.7636081351322,1.02703125875411,104.705170628667,NA,NA,0.930064172591628,NA,8.75957606195251,10.087,59.769,NA,NA,62.36,3.62880659,90,368,NA,NA,89.8499984741211,37.9,87.62450647,538.799541180266,27.2,44.8557321959416,3,"Sub-Saharan Africa","Lower middle income","3"
